{"cameraMode":{"drawMode":0,"name":"Shaded","section":"Shading Mode"},"sceneLighting":true,"audioPlay":false,"sceneViewState":{"showFog":false,"showMaterialUpdate":false,"showSkybox":false,"showFlares":false,"showImageEffects":false,"showParticleSystems":true},"in2DMode":false,"pivot":{"x":3.4694113731384279,"y":-0.3349728584289551,"z":-1.9237923622131348},"rotation":{"x":0.04970277473330498,"y":-0.9461948871612549,"z":0.2667730748653412,"w":0.17628659307956696},"size":10.465150833129883,"orthographic":false}